Designator,Val,Package,Mid X,Mid Y,Rotation,Layer
BUZZER1,MLT-8530,BUZ-SMD_4P-L8.5-W8.5-P8.50-BR,152.774132,-104.1,0.0,bottom
C1,33uF 35V,CAP-SMD_BD6.3-L6.6-W6.6-FD,130.275,-35.65,90.0,top
C10,100n,C_0603_1608Metric,94.21854,-53.019365,45.0,top
C11,100n,C_0603_1608Metric,99.075,-58.475,0.0,top
C12,100n,C_0603_1608Metric,97.86854,-65.073349,-45.0,top
C13,100n,C_0603_1608Metric,93.11854,-51.919365,45.0,top
C14,100n,C_0603_1608Metric,85.414823,-55.541206,135.0,top
C15,100n,C_0603_1608Metric,84.1,-62.348009,-135.0,top
C16,100n,C_0603_1608Metric,91.2,-66.1,-90.0,top
C17,100n,C_0603_1608Metric,96.76854,-66.173349,-45.0,top
C18,100n,C_0603_1608Metric,98.96854,-63.973349,-45.0,top
C19,100n,C_0603_1608Metric,95.31854,-54.119365,45.0,top
C2,10uF 35V,C_0603_1608Metric,150.45,-39.2,-90.0,top
C20,100n,C_0603_1608Metric,86.564823,-54.391206,135.0,top
C21,1n,C_0603_1608Metric,85.35,-79.25,-90.0,top
C22,100n,C_0603_1608Metric,63.771421,-43.256498,90.0,top
C23,1n,C_0603_1608Metric,62.123541,-43.263947,90.0,top
C24,100n,C_0603_1608Metric,108.637996,-56.476141,0.0,top
C25,100n,C_0603_1608Metric,83.0,-61.248009,-135.0,top
C26,100n,C_0603_1608Metric,81.898008,-60.15,-135.0,top
C27,1n,C_0603_1608Metric,108.637996,-54.849796,0.0,top
C28,100n,C_0603_1608Metric,84.25,-56.7,135.0,top
C29,100n,C_0603_1608Metric,83.1,-57.85,135.0,top
C3,22uF 10V,C_0603_1608Metric,150.449999,-33.025,-90.0,top
C30,100n,C_0603_1608Metric,93.45,-47.55,135.0,top
C31,100n,C_0603_1608Metric,98.053043,-46.330482,90.0,top
C32,1n,C_0603_1608Metric,96.426697,-46.330482,90.0,top
C34,1u,C_0603_1608Metric,87.714823,-53.241206,135.0,top
C35,100n,C_0603_1608Metric,88.864823,-52.091206,135.0,top
C37,100nf,C_0603_1608Metric,120.009132,-121.27,270.0,bottom
C38,100nf,C_0603_1608Metric,133.824132,-114.9,180.0,bottom
C39,100nf,C_0603_1608Metric,147.924132,-114.999999,0.0,bottom
C4,20pF,C_0603_1608Metric,83.216548,-69.321357,180.0,top
C40,100nf,C_0603_1608Metric,144.824132,-111.4,0.0,bottom
C41,10nf,C_0603_1608Metric,130.299132,-131.19,0.0,bottom
C42,100nf,C_0603_1608Metric,130.299132,-129.599999,180.0,bottom
C43,22uF,C_0603_1608Metric,130.299131,-127.99,180.0,bottom
C44,100nf,C_0603_1608Metric,149.975,-128.150001,90.0,bottom
C45,1u,C_0603_1608Metric,151.575,-128.15,270.0,bottom
C46,100nf,C_0603_1608Metric,149.975,-125.050001,270.0,bottom
C47,1u,C_0603_1608Metric,151.575,-125.05,90.0,bottom
C48,100nf,C_0603_1608Metric,132.45,-115.75,135.0,top
C49,100nf,C_0603_1608Metric,133.55,-114.65,135.0,top
C5,20pF,C_0603_1608Metric,80.5,-66.850001,90.0,top
C50,100nf,C_0603_1608Metric,134.65,-113.55,135.0,top
C51,10uF,C_0603_1608Metric,135.75,-112.45,135.0,top
C52,100nf,C_0603_1608Metric,127.25,-95.1,135.0,top
C53,100nf,C_0603_1608Metric,121.7,-100.7,135.0,top
C54,18pF,C_0603_1608Metric,137.962635,-114.65,135.0,top
C55,18pF,C_0603_1608Metric,141.860643,-110.798008,135.0,top
C56,100nf,C_0603_1608Metric,119.5,-102.9,135.0,top
C57,100nf,C_0603_1608Metric,121.148008,-108.101992,-135.0,top
C58,100nf,C_0603_1608Metric,122.248008,-109.201992,-135.0,top
C59,10uF,C_0603_1608Metric,144.3375,-103.3875,90.0,top
C6,100n,C_0603_1608Metric,87.0,-79.25,-90.0,top
C60,100nf,C_0603_1608Metric,144.3375,-106.4125,-90.0,top
C61,4.7uF,C_0603_1608Metric,123.35,-110.3,45.0,top
C62,100nf,C_0603_1608Metric,124.45,-111.4,-135.0,top
C63,10nf,C_0603_1608Metric,125.55,-112.5,-135.0,top
C64,6.8nF,C_0603_1608Metric,121.101991,-96.8,-45.0,top
C65,10nf,C_0603_1608Metric,122.25,-95.650001,-45.0,top
C66,6.8nF,C_0603_1608Metric,123.4,-94.5,-45.0,top
C67,1n,C_0603_1608Metric,110.5,-101.75,-90.0,top
C68,22nF,C_0603_1608Metric,111.525,-85.55,-90.0,top
C7,100n,C_0603_1608Metric,87.65,-65.8,-135.0,top
C8,100n,C_0603_1608Metric,92.75,-66.1,-90.0,top
C9,100n,C_0603_1608Metric,86.55,-64.7,-135.0,top
D1,1N4148W T4,SOD-123_L2.8-W1.8-LS3.7-RD,152.574132,-110.2,0.0,bottom
D2,USBLC6-2SC6_C2687116,SOT-23-6_L2.9-W1.6-P0.95-LS2.8-BL,141.224132,-112.85,0.0,bottom
J1,Conn_01x09,JST_VH_B9P-VH-B_1x09_P3.96mm_Vertical,103.990001,-34.875,180.0,top
J2,Conn_01x03,JST_EH_B3B-EH-A_1x03_P2.50mm_Vertical,71.05,-79.225,-90.0,top
J3,Conn_01x06,JST_EH_B6B-EH-A_1x06_P2.50mm_Vertical,121.275,-63.775,90.0,top
J4,Conn_01x07,JST_EH_B7B-EH-A_1x07_P2.50mm_Vertical,72.4,-31.55,0.0,top
J5,Conn_01x05,JST_VH_B5P-VH-B_1x05_P3.96mm_Vertical,51.0,-100.08,90.0,top
J6,Conn_01x05,JST_VH_B5P-VH-B_1x05_P3.96mm_Vertical,87.5,-100.08,90.0,top
J7,PZ254-1-04-Z-2.5-G1,HDR-TH_4P-P2.54-V-M,156.35,-92.579999,90.0,bottom
LED1,0805_RED,LED0805-R-RD,140.215,-34.315,90.0,top
LED10,0805_GREEN,LED0805-R-RD,121.809132,-129.47,270.0,bottom
LED11,0805_RED,LED0805-R-RD,155.920868,-119.145,180.0,top
LED12,0805_GREEN,LED0805-R-RD,155.915,-116.61,180.0,top
LED13,0805_GREEN,LED0805-R-RD,135.025,-34.325,90.0,top
LED14,0805_RED,LED0805-R-RD,140.2,-68.95,0.0,top
LED15,0805_RED,LED0805-R-RD,140.25,-59.95,0.0,top
LED16,0805_RED,LED0805-R-RD,80.25,-118.4,-90.0,top
LED17,0805_RED,LED0805-R-RD,89.25,-118.45,-90.0,top
LED18,0805_RED,LED0805-R-RD,147.25,-87.4,0.0,top
LED19,0805_GREEN,LED0805-R-RD,147.25,-89.9,0.0,top
LED2,0805_RED,LED0805-R-RD,137.64,-34.315,90.0,top
LED3,0805_GREEN,LED0805-R-RD,112.615,-75.739997,90.0,top
LED4,0805_GREEN,LED0805-R-RD,110.165,-75.74,90.0,top
LED5,0805_GREEN,LED0805-R-RD,107.715001,-75.739999,90.0,top
LED6,0805_GREEN,LED0805-R-RD,105.165001,-75.739999,90.0,top
LED7,0805_GREEN,LED0805-R-RD,102.655,-75.74,90.0,top
LED8,0805_RED,LED0805-R-RD,115.040001,-75.764999,90.0,top
LED9,0805_RED,LED0805-R-RD,123.009132,-119.47,90.0,bottom
Q1,IRLML0100TRPBF,SOT-23_L2.9-W1.3-P1.90-LS2.4-BR,151.474132,-114.75,0.0,bottom
Q10,AO3400A,SOT-23-3_L2.9-W1.3-P1.90-LS2.4-BR,94.35,-120.35,270.0,bottom
Q11,AO3400A,SOT-23-3_L2.9-W1.3-P1.90-LS2.4-BR,76.35,-123.0,90.0,bottom
Q2,AO3400A,SOT-23-3_L2.9-W1.3-P1.90-LS2.4-BR,142.35,-68.6,180.0,bottom
Q3,AO3400A,SOT-23-3_L2.9-W1.3-P1.90-LS2.4-BR,150.075,-68.599999,180.0,bottom
Q4,AO3400A,SOT-23-3_L2.9-W1.3-P1.90-LS2.4-BR,76.3,-130.8,90.0,bottom
Q5,AO3400A,SOT-23-3_L2.9-W1.3-P1.90-LS2.4-BR,154.7,-62.95,180.0,bottom
Q6,AO3400A,SOT-23-3_L2.9-W1.3-P1.90-LS2.4-BR,86.4,-134.3,270.0,bottom
Q7,AO3400A,SOT-23-3_L2.9-W1.3-P1.90-LS2.4-BR,148.75,-58.7,90.0,bottom
Q8,AO3400A,SOT-23-3_L2.9-W1.3-P1.90-LS2.4-BR,94.35,-129.1,270.0,bottom
Q9,AO3400A,SOT-23-3_L2.9-W1.3-P1.90-LS2.4-BR,141.2875,-57.704999,90.0,bottom
R1,2k,R_0603_1608Metric,150.45,-36.125,90.0,top
R10,75,R_0603_1608Metric,62.972069,-40.859784,0.0,top
R100,10k,R_0603_1608Metric,141.2875,-54.854999,0.0,bottom
R101,15k,R_0603_1608Metric,91.81,-120.295,270.0,bottom
R102,10k,R_0603_1608Metric,94.36,-123.245,180.0,bottom
R103,15k,R_0603_1608Metric,78.9,-123.155,90.0,bottom
R104,10k,R_0603_1608Metric,76.35,-120.155001,0.0,bottom
R11,75,R_0603_1608Metric,111.11287,-55.627613,-90.0,top
R12,75,R_0603_1608Metric,97.225,-42.3,0.0,top
R13,0,R_0603_1608Metric,92.3,-48.7,135.0,top
R14,75,R_0603_1608Metric,97.225,-43.95,0.0,top
R15,1K,R_0603_1608Metric,111.390001,-79.764999,90.0,top
R16,1K,R_0603_1608Metric,109.740001,-79.764999,90.0,top
R17,1K,R_0603_1608Metric,108.090001,-79.764998,90.0,top
R18,1K,R_0603_1608Metric,106.440001,-79.764999,90.0,top
R19,1K,R_0603_1608Metric,104.790001,-79.764999,90.0,top
R2,2k,R_0603_1608Metric,131.7,-30.1,0.0,top
R20,1K,R_0603_1608Metric,113.065002,-79.764999,90.0,top
R21,200k,R_0603_1608Metric,91.164823,-49.841206,135.0,top
R22,200k,R_0603_1608Metric,90.014823,-50.966206,135.0,top
R25,10K,R_0603_1608Metric,118.309132,-121.269999,270.0,bottom
R26,0,R_0603_1608Metric,119.209132,-123.72,0.0,bottom
R27,120,R_0603_1608Metric,114.009132,-126.170001,270.0,bottom
R28,300,R_0603_1608Metric,125.784132,-120.57,0.0,bottom
R29,100k,R_0603_1608Metric,124.909132,-131.095,180.0,bottom
R3,75,R_0603_1608Metric,86.15,-81.599999,0.0,top
R30,220,R_0603_1608Metric,124.909132,-129.345,0.0,bottom
R31,0,R_0603_1608Metric,119.209132,-125.47,0.0,bottom
R32,10K,R_0603_1608Metric,118.309132,-127.87,270.0,bottom
R33,300,R_0603_1608Metric,150.674132,-120.15,180.0,bottom
R34,220,R_0603_1608Metric,150.674132,-118.55,0.0,bottom
R35,220,R_0603_1608Metric,150.45,-29.925,-90.0,top
R36,0,R_0603_1608Metric,152.574132,-112.1,180.0,bottom
R39,10K,R_0603_1608Metric,153.175,-128.15,90.0,bottom
R4,75,R_0603_1608Metric,86.15,-83.250001,0.0,top
R40,10K,R_0603_1608Metric,153.175,-125.05,270.0,bottom
R41,15k,R_0603_1608Metric,152.7,-65.175,-90.0,top
R42,15k,R_0603_1608Metric,151.45,-62.05,-90.0,top
R43,330,R_0603_1608Metric,153.05,-62.05,-90.0,top
R44,0,R_0603_1608Metric,152.25,-59.65,180.0,top
R45,2k,R_0603_1608Metric,143.35,-68.15,90.0,top
R46,2k,R_0603_1608Metric,143.349999,-60.75,-90.0,top
R47,15k,R_0603_1608Metric,84.025,-130.075,180.0,top
R48,15k,R_0603_1608Metric,87.15,-129.65,180.0,top
R49,330,R_0603_1608Metric,87.15,-131.25,180.0,top
R5,0,R_0603_1608Metric,77.55,-64.6,0.0,top
R50,0,R_0603_1608Metric,89.55,-130.45,90.0,top
R51,2k,R_0603_1608Metric,81.05,-121.55,0.0,top
R52,2k,R_0603_1608Metric,88.45,-121.55,180.0,top
R53,0,R_0603_1608Metric,139.712635,-108.65,-45.0,top
R54,0,R_0603_1608Metric,128.35,-94.0,135.0,top
R55,1M,R_0603_1608Metric,136.9,-110.25,45.0,top
R56,0,R_0603_1608Metric,129.45,-92.9,135.0,top
R57,0,R_0603_1608Metric,129.0,-120.15,270.0,bottom
R58,0,R_0603_1608Metric,126.101992,-97.351992,45.0,top
R59,0,R_0603_1608Metric,123.901991,-99.551992,-135.0,top
R6,4.99K,R_0603_1608Metric,77.55,-61.4,180.0,top
R60,10k,R_0603_1608Metric,137.857969,-95.957969,-135.0,top
R61,10k,R_0603_1608Metric,138.953984,-97.053984,-135.0,top
R62,10k,R_0603_1608Metric,140.05,-98.15,-135.0,top
R63,12.4k,R_0603_1608Metric,120.6,-101.8,135.0,top
R64,10k,R_0603_1608Metric,141.146016,-99.246016,-135.0,top
R65,10k,R_0603_1608Metric,142.242031,-100.342031,-135.0,top
R66,10k,R_0603_1608Metric,141.9875,-103.3625,180.0,top
R67,10k,R_0603_1608Metric,141.9875,-106.4625,180.0,top
R68,10k,R_0603_1608Metric,132.35,-90.45,45.0,top
R69,10k,R_0603_1608Metric,134.55,-92.65,45.0,top
R7,4.99K,R_0603_1608Metric,77.55,-63.0,0.0,top
R70,10k,R_0603_1608Metric,136.75,-94.85,45.0,top
R71,10k,R_0603_1608Metric,141.9875,-104.9125,180.0,top
R72,10k,R_0603_1608Metric,131.25,-89.35,-135.0,top
R73,10k,R_0603_1608Metric,133.45,-91.55,-135.0,top
R74,10k,R_0603_1608Metric,135.65,-93.75,-135.0,top
R75,10k,R_0603_1608Metric,126.65,-113.6,45.0,top
R76,75,R_0603_1608Metric,108.95,-101.75,90.0,top
R77,82,R_0603_1608Metric,122.801991,-98.451992,-135.0,top
R78,1K,R_0603_1608Metric,143.2,-87.85,180.0,top
R79,1K,R_0603_1608Metric,143.175,-89.45,180.0,top
R8,75,R_0603_1608Metric,62.972069,-39.233438,0.0,top
R80,51,R_0603_1608Metric,108.343324,-85.559388,90.0,top
R81,51,R_0603_1608Metric,113.1,-85.55,90.0,top
R82,10,R_0603_1608Metric,109.932601,-85.563235,90.0,top
R83,82,R_0603_1608Metric,125.001992,-96.251992,-135.0,top
R84,75,R_0603_1608Metric,112.05,-101.75,90.0,top
R85,15k,R_0603_1608Metric,142.345,-71.05,180.0,bottom
R86,10k,R_0603_1608Metric,144.995,-68.599999,90.0,bottom
R87,15k,R_0603_1608Metric,150.075,-71.05,180.0,bottom
R88,10k,R_0603_1608Metric,152.725,-68.599999,90.0,bottom
R89,15k,R_0603_1608Metric,78.89,-131.005,90.0,bottom
R9,75,R_0603_1608Metric,112.739216,-55.627613,-90.0,top
R90,10k,R_0603_1608Metric,76.314999,-127.955,0.0,bottom
R91,15k,R_0603_1608Metric,154.55,-65.46,180.0,bottom
R92,10k,R_0603_1608Metric,157.55,-62.91,90.0,bottom
R93,15k,R_0603_1608Metric,84.012036,-134.232964,270.0,bottom
R94,10k,R_0603_1608Metric,86.412036,-136.982964,180.0,bottom
R95,15k,R_0603_1608Metric,151.190001,-58.865,90.0,bottom
R96,10k,R_0603_1608Metric,148.74,-55.965,0.0,bottom
R97,15k,R_0603_1608Metric,91.9,-128.9,270.0,bottom
R98,10k,R_0603_1608Metric,94.35,-131.95,180.0,bottom
R99,15k,R_0603_1608Metric,143.6875,-57.854999,90.0,bottom
T1,H1102NLT,XFMR-SMD_H1102NLT,94.405,-81.25,180.0,top
T2,H1102NLT,XFMR-SMD_H1102NLT,71.145,-41.275,0.0,top
T3,H1102NLT,XFMR-SMD_H1102NLT,110.299697,-63.789697,-90.0,top
T4,H1102NLT,XFMR-SMD_H1102NLT,105.52,-44.45,0.0,top
T6,H1102NLT,XFMR-SMD_H1102NLT,110.5,-93.755,90.0,top
U1,K7803M-1000R3_C2916516,PWRM-TH_DEXU_K78XXM-1000R3_XXXXXX,147.225001,-34.5,90.0,top
U2,RTL8305NB-VB-CG,QFN-48_L6.0-W6.0-P0.40-TL-EP4.4,91.85,-59.271967,135.0,top
U3,MAX3485ESA,SOP-8_L5.0-W4.0-P1.27-LS6.0-BL,124.959132,-124.565,270.0,bottom
U4,ESP32-S3-MINI-1-N4R2,BULETM-SMD_ESP32-S3-MINI-1-N8,140.824132,-123.75,180.0,bottom
U5,VND7050AJTR,POWERSSO-16_L4.9-W3.9-P0.50-LS6.0-BL-EP,146.05,-64.45,90.0,top
U6,VND7050AJTR,POWERSSO-16_L4.9-W3.9-P0.50-LS6.0-BL-EP,84.75,-124.25,0.0,top
U7,W5500,LQFP-48_L7.0-W7.0-P0.50-LS9.0-BL,130.2,-104.752172,-135.0,top
X1,25Mhz,CRYSTAL-SMD_4P-L3.2-W2.5-BL,83.2,-66.150001,90.0,top
X2,25MHz,CRYSTAL-SMD_4P-L3.2-W2.5-BL,139.462635,-112.15,-45.0,top
